{
	"metadata": {
		"version": 4.5,
		"type": "BufferGeometry",
		"generator": "BufferGeometry.toJSON"
	},
	"uuid": "01820F86-7495-4E32-B7BC-2B02520593F5",
	"type": "BufferGeometry",
	"data": {
		"attributes": {
			"position": {
				"itemSize": 3,
				"type": "Float32Array",
				"array": [0,0,200,0,200,200,0,0,0,0,200,200,0,200,0,0,0,0,200,0,0,0,0,200,0,0,0,0,200,0,200,0,0,0,0,0,200,200,0,200,0,200,200,0,0,200,0,200,0,0,200,200,0,0,0,200,0,200,200,0,200,0,0,200,200,200,0,200,200,0,0,200,200,0,200,200,200,200,0,0,200,200,200,0,200,200,200,200,0,200,0,200,200,200,200,200,0,200,0,200,200,200,200,200,0,0,200,0],
				"normalized": false
			},
			"normal": {
				"itemSize": 3,
				"type": "Float32Array",
				"array": [-1,0,0,-1,0,0,-1,0,0,-1,0,0,-1,0,0,-1,0,0,0,-1,0,0,-1,0,0,-1,0,0,0,-1,0,0,-1,0,0,-1,1,0,0,1,0,0,1,0,0,0,-1,0,0,-1,0,0,-1,0,0,0,-1,0,0,-1,0,0,-1,0,0,1,0,0,1,0,0,1,0,0,1,0,0,1,0,0,1,1,0,0,1,0,0,1,0,0,0,1,0,0,1,0,0,1,0,0,1,0,0,1,0,0,1,0],
				"normalized": false
			}
		},
		"boundingSphere": {
			"center": [100,100,100],
			"radius": 173.205081
		}
	}
}