{
	"metadata": {
		"version": 4.5,
		"type": "Object",
		"generator": "Object3D.toJSON"
	},
	"geometries": [
		{
			"uuid": "37AEA4DC-F728-4E32-B214-63F95C9D884C",
			"type": "BoxBufferGeometry",
			"width": 1,
			"height": 1,
			"depth": 1,
			"widthSegments": 1,
			"heightSegments": 1,
			"depthSegments": 1
		}],
	"materials": [
		{
			"uuid": "0A676307-2728-4C32-8D67-ED4024FC0379",
			"type": "MeshPhongMaterial",
			"color": 5283854,
			"emissive": 0,
			"specular": 1118481,
			"shininess": 30,
			"depthFunc": 3,
			"depthTest": true,
			"depthWrite": true
		}],
	"object": {
		"uuid": "AE2F90E1-EB58-408E-A3CF-DF930052F680",
		"type": "Scene",
		"name": "Scene",
		"matrix": [1,0,0,0,0,1,0,0,0,0,1,0,0,0,0,1],
		"children": [
			{
				"uuid": "75233B16-D8E0-4A79-98B9-54A9D47AF6A6",
				"type": "Mesh",
				"name": "Box",
				"matrix": [1,0,0,0,0,1,0,0,0,0,1,0,0,0,0,1],
				"geometry": "37AEA4DC-F728-4E32-B214-63F95C9D884C",
				"material": "0A676307-2728-4C32-8D67-ED4024FC0379"
			},
			{
				"uuid": "16AF3B08-4379-47F8-8EE3-1F84968528EA",
				"type": "SpotLight",
				"name": "SpotLight",
				"matrix": [1,0,0,0,0,1,0,0,0,0,1,0,5,10,7.5,1],
				"color": 16777215,
				"intensity": 1,
				"distance": 0,
				"angle": 0.314159,
				"decay": 1,
				"penumbra": 0,
				"shadow": {
					"camera": {
						"uuid": "82907AD7-A935-4D1A-A8B2-AD83CD1E5740",
						"type": "PerspectiveCamera",
						"fov": 50,
						"zoom": 1,
						"near": 0.5,
						"far": 500,
						"focus": 10,
						"aspect": 1,
						"filmGauge": 35,
						"filmOffset": 0
					}
				}
			},
			{
				"uuid": "93C0A284-2094-4B66-95AB-914BE249D833",
				"type": "AmbientLight",
				"name": "AmbientLight",
				"matrix": [1,0,0,0,0,1,0,0,0,0,1,0,0,0,0,1],
				"color": 16777215,
				"intensity": 0.5
			}],
		"background": 11184810
	}
}